,x,y,label
0,-0.7056449912473539,8.551398909078586,3
1,-0.9979603948053232,3.164030050017967,2
2,2.8266734701097236,1.927102488720704,1
3,2.6603876055150444,1.7932196454892608,1
4,1.0739950462613506,4.8867410072016835,0
5,0.9340986272559161,4.016900135058482,0
6,8.404392663154635,-1.6747788726251431,4
7,-0.15055573021024848,3.5731095745835653,0
8,1.6426531605784094,3.843067540059837,0
9,3.9048587681125144,0.6834970037378526,1
10,9.341854437501247,-2.603445724629526,4
11,-0.8174846398005088,7.685568423908455,3
12,0.6954867959290643,0.8562628483799695,1
13,0.1629058193422922,2.837362999645876,0
14,2.075929674433608,4.959051058170988,0
15,1.1203136497073731,5.758060834411365,0
16,9.827382788347355,-3.001295521211742,4
17,3.478251017948984,1.293750244894497,1
18,-0.27652528150343114,5.0812776832803,0
19,-1.2792941508556943,3.2812804838127865,0
20,8.502470909314022,-2.8120149643571746,4
21,10.118250813021424,-3.0067634511145087,4
22,-3.0081499754192036,1.6453241263008058,2
23,0.7073420988037575,0.13609027168137788,1
24,-0.6559422310502858,2.0399116447972525,2
25,-1.116344018958738,5.854894424572654,3
26,-2.31919067502805,2.386276353321668,2
27,-0.9634651756117871,7.526082422758233,3
28,9.11821940190226,-2.2651093616979527,4
29,9.488808263809272,-1.7631622642580254,4
30,0.08080351735281943,4.690689825307652,0
31,8.844553144434757,-2.9690101799580297,4
32,9.311373210199987,-2.9100877634276534,4
33,2.3395471922400928,2.6403324405935678,1
34,10.075306948761103,-4.177701605149118,4
35,10.674778626025832,-2.172735776698914,4
36,1.8523706806662108,0.7877808806286231,1
37,-1.1490509122146477,9.411758988269312,3
38,9.674140889124708,-2.3408268600173536,4
39,9.385993151256324,-1.673901933179668,4
40,2.855832324863875,0.9759238350995982,1
41,0.05196118119458282,2.1223817112798318,2
42,1.4323150660228503,7.634651501645928,3
43,1.2665982669235119,1.9923020346500282,1
44,-0.17119857386460735,3.8659672827039557,0
45,-1.582256561244295,2.653944912740435,2
46,0.301937417889119,4.335617885722741,0
47,-1.7253029100419512,3.0120745616432694,2
48,0.47823762785419016,6.2333193812653755,0
49,-1.598037954857687,9.858931965411568,3
50,2.2747770772259233,1.2907265939180284,1
51,1.616401604644087,2.686831283137556,0
52,-2.0037185011117837,6.634258496624205,3
53,2.0447794778625044,3.8504015235970024,0
54,0.7085365416525287,3.175775995978383,0
55,9.950812243608304,-1.023985778403188,4
56,0.8186030623826792,6.560510824746599,0
57,9.657578615231833,-1.3214577686727311,4
58,1.3753164241866251,1.5311945710217398,0
59,1.6683966745822314,0.3873709203043083,1
60,0.7912164075371535,3.4961388398320343,0
61,9.734049537721843,-2.7321557813808464,4
62,7.588737954595704,-1.5246058555881858,4
63,0.06897171416325287,4.355732723244529,0
64,2.624405010754055,4.468015082935724,0
65,-0.515831764991274,7.4602376148809215,3
66,-1.7284978164843736,7.3122090722566995,3
67,2.778368015170676,0.9222757851858484,1
68,-2.6315206107483764,2.8869460040591637,2
69,9.291882580681943,-1.2768446485803677,4
70,-0.44552797876371564,2.286506272883734,2
71,0.6070882406040514,4.064408149872464,0
72,10.142261552839347,-2.146988358780899,4
73,-1.301322349653102,4.30702757701105,2
74,2.991713247263994,0.8625684830682665,1
75,8.689161663225667,-1.9960640032884465,4
76,9.355866242176788,-3.152704140503973,4
77,2.5985794128203974,1.3367066176099793,1
78,0.7755783482286385,0.3122324556601642,1
79,2.5034628058561905,2.5938452327660975,1
80,-1.3085433083852693,8.113541063609539,3
81,-1.1787347779800967,3.581140351012297,2
82,8.282584279393438,-3.3338382108542364,4
83,-3.5387843324666144,3.5075858669078466,2
84,1.8357264931016646,-0.18637296073399767,1
85,-0.7796205048912244,4.7547217892543046,0
86,-2.252578486960764,6.83726828740973,3
87,8.934573024575188,-0.2964070794632918,4
88,9.500601160164068,-0.716920076204218,4
89,1.8407062774060008,3.561622307041948,0
90,0.21212615464005202,2.8659958536468118,0
91,-1.2185727672625601,1.5397987942690456,2
92,-0.7459275346713706,6.9731930158883575,3
93,-0.3089062957083022,0.9179978416431801,1
94,1.153696220800248,3.902006391240128,0
95,0.2715698026902613,5.247048052417885,0
96,-1.7708751911446283,8.87843761028797,3
97,-1.5380496250637465,2.9293811612031853,2
98,-1.5885420653941202,1.4851467713990147,2
99,-3.165711320344083,2.1845694537494573,2
100,-0.9091965188037199,7.245827973690564,3
101,-1.320213501513902,3.4489247683111826,2
102,-0.5668562720719775,2.5013831788964302,2
103,10.588392875741558,-2.6546270959678693,4
104,-2.570033511257261,2.0608040726619583,2
105,-0.17991235327541766,5.084985429158383,0
106,0.0884843309163823,2.322990859224463,0
107,9.192443597076846,-3.035028659474892,4
108,-0.20254526322606625,2.7456814686362403,2
109,0.37895400958113235,4.065865597712383,0
110,1.6485648355589304,4.711249163689501,0
111,1.3526956097021245,3.2043865368641953,0
112,-1.8037270079957937,4.041787566947562,2
113,1.4995467390782489,4.132240996226142,0
114,1.5095555474150957,-0.9869221850415109,1
115,1.8179013426201314,4.054328747287441,0
116,9.691108913237912,-2.3711883488360783,4
117,-1.2557338285845945,2.116385375938748,2
118,10.274586227367315,-1.7339571190810203,4
119,0.5207375750291519,4.321266486473447,0
120,1.3326364757208968,5.010360495640338,0
121,-1.311938422595812,3.015101493336041,2
122,0.6184273735854768,8.592928345702997,3
123,-1.1807389175718255,8.613064153544506,3
124,-1.2877584325681184,4.315778522419858,2
125,1.886448986639087,4.621005542639692,0
126,1.000639057447864,1.7179114972626182,1
127,2.0638954203504545,1.4246678683925964,1
128,-1.8137535811208065,8.311491399079708,3
129,9.424073416353181,-2.586640409672215,4
130,1.5864033334660823,-1.303777625562621,1
131,-0.2876985502889219,8.061300494244284,3
132,1.838317951496229,1.3430569108327342,1
133,10.048278473244757,-1.8983320019844516,4
134,-0.9622432477680323,8.814027313087637,3
135,0.03182382262824468,3.8937376342458414,0
136,2.645147342167397,0.5338048499671469,1
137,0.9519439541475594,3.5657564182427013,0
138,2.164299870898797,4.6207299393732395,0
139,-0.18108518064435852,3.9914950763226966,0
140,1.6306042190000123,0.06769906239997492,1
141,10.663789177094525,-3.9725182323074746,4
142,11.240019181955326,-2.5274035884279873,4
143,10.050532173788541,-2.622211086757471,4
144,-2.9886367014833137,2.234442494544441,2
145,3.568595604006083,1.4507957241455207,1
146,-1.7493810234648257,2.0589623535254513,2
147,0.8778175541210628,3.6403090410862826,0
148,-1.0890053063724479,5.876911060505055,3
149,-1.36866241341056,6.356144035678341,3
150,1.709018073785568,0.10302733886643811,1
151,3.280186776230437,3.2437715047268427,0
152,2.3421720094362244,-1.4229306158528048,1
153,8.626201683637827,-2.159926078332233,4
154,2.0318444164114258,1.976858388050426,1
155,3.235579029237347,4.2615301757877475,0
156,2.268747570343047,-0.3109099937952844,1
157,1.274508252752551,5.6301732241354205,0
158,4.066524202896015,0.8530682334820798,1
159,8.549326505961984,-3.4507978571648996,4
160,-2.260029858851639,7.9204281526793014,3
161,1.552860895161436,4.095488571870395,0
162,-2.3786332104754955,4.740605861461082,2
163,-2.167906464808812,10.478395736656335,3
164,1.9879919125098962,-0.42073220970679737,1
165,2.917863532761329,-1.757955433036996,1
166,0.8433895009595395,4.005996448046662,0
167,0.9146436764508477,4.196482051157215,0
168,-0.3165868311769535,4.570838196797573,0
169,0.338833052994266,3.9065155131195923,0
170,-1.4594117559810986,2.934220345446015,2
171,-1.2583122466151648,9.073466951600034,3
172,9.340889440087507,-2.7941913775934966,4
173,-0.06898328760045969,5.514932617131091,0
174,2.0404098180781753,1.719069596962748,1
175,9.313326666568361,-2.658924540780862,4
176,-1.298850688097838,3.119362208037556,2
177,-1.8885032940035251,3.9824673974609746,2
178,0.05105180593396286,1.2745401807888297,1
179,10.32743311895951,-1.3803359264806458,4
180,8.476479903714285,-0.7831028221057068,4
181,3.280138085626538,0.962519766281513,1
182,-1.717566511025257,8.711155694421102,3
183,-0.8256754024732675,8.382940587746258,3
184,-0.9600097273000119,4.492565924242219,0
185,-1.3532354757651037,9.202874998101752,3
186,-0.3302567731888215,5.961918007066578,0
187,0.6087328218694901,1.6979616092779644,1
188,1.6700432312366276,4.144213889302123,0
189,-1.2839985082943237,8.171475758303586,3
190,-0.9177230315112345,7.690185558436825,3
191,-1.6970227878516493,6.0912722590876385,3
192,-0.23075414569402208,3.534341573959278,2
193,2.019499449572657,3.278409011157687,1
194,-1.2467847745007394,7.0687551611046935,3
195,10.54301996033489,-3.0410238056305494,4
196,0.6844327157986323,3.5422951156367666,0
197,8.91214207528072,-1.7222072818299212,4
198,-0.12235849828219347,3.0643230318113726,2
199,-1.8374847612563001,7.386995009437535,3
200,-1.4753290704520163,3.7851588901415507,2
201,8.267943337671728,-2.2297624768162345,4
202,10.61587722053094,-3.071105476449705,4
203,3.1838615859474464,1.3936646062818991,1
204,10.376949167482737,-1.9306389388857392,4
205,-0.6942532737574271,3.244948470454145,2
206,-0.3671246776465179,8.86844921016154,3
207,10.80418756104941,-2.238721888014637,4
208,0.25067270008291076,2.9204233720533344,0
209,-1.7315053172252577,7.8380311980731046,3
210,-1.333371377265556,7.271158982339434,3
211,1.1372627516138325,1.1501602870148093,1
212,8.632529485830387,-3.4654812172066727,4
213,-1.574816752425358,7.82725013337198,3
214,0.9867700992673155,6.089657821354225,0
215,-1.8732831654308215,7.445067321656086,3
216,1.8341940028388315,5.444889194105963,0
217,9.311382594115521,-1.8184521000120468,4
218,-1.7157489484040038,6.9729667159168605,3
219,0.5626510977867477,3.5563325160076324,0
220,-1.2020343974257193,3.9150002421248824,2
221,-2.4060646420569802,2.686780653740126,2
222,2.984772632912406,1.479888251335861,1
223,1.0841629509883934,1.2124808644537606,1
224,10.091232817275392,-2.610083898587685,4
225,1.500957894861577,0.4270260017831454,1
226,9.811584813296763,-2.4736150409938147,4
227,1.2726383656053528,0.7872743609110491,1
228,0.5126741039004008,4.785268801221852,0
229,2.512683127653869,-0.06694835379579156,1
230,-2.216337892410728,8.312528107998459,3
231,8.84215887250983,-1.7584182566272295,4
232,1.0149006303866832,2.6470722251264363,0
233,0.2842202307621039,5.840164381694188,0
234,-1.2933690784394851,7.914581739571129,3
235,3.4664395853224894,1.6834674867691093,1
236,9.224910586240767,-2.939270880436135,4
237,9.67715123085656,-0.39445716108189344,4
238,0.5913902693652195,4.398138916765464,0
239,2.8679415635419203,1.4849230393377628,1
240,0.46546494097762203,3.123155143325978,0
241,1.0220285958479411,4.116603477422556,0
242,-1.2870369073266268,3.0768409354587662,2
243,9.548921759361361,-3.0395546758225525,4
244,7.668516680159599,-0.8724548738084519,4
245,-1.1356982438396959,7.179914986157236,3
246,1.8310085871812376,0.5954139294828669,1
247,-0.49646574580630065,0.870558648275161,2
248,-1.4717326584416737,3.2168597174521403,2
249,-1.6829021594502458,4.910106851807771,0
250,-2.3645820551298504,2.326699157568693,2
251,-1.0585187789448538,4.653761259018836,2
252,2.7752512515760435,-0.20524255301743288,1
253,3.5446234835073582,1.4189674082136505,1
254,10.098627442108102,-2.629492792480279,4
255,10.227444790919352,-1.7870248711264374,4
256,2.5533199261157344,0.8714714225936864,1
257,-0.39772509122271205,6.996335825042321,3
258,2.859420775602749,2.9560282663059434,0
259,1.4546099637750896,2.4499068399864976,1
260,7.476090594624968,-3.1334227952152562,4
261,9.243399088384221,-2.4493404078510372,4
262,0.8581060334179254,3.6236091234515397,0
263,-0.7023467936576689,3.449060627868818,2
264,0.46661789679484156,3.8657130258372034,0
265,1.6845635182124246,-0.04795213561835454,1
266,9.312163915876802,-1.7046053727390849,4
267,0.6672571094993729,2.6277835211184133,0
268,-0.7711637243273628,2.378749624580133,2
269,8.875343111429745,-1.5485907426424679,4
270,-1.2377835079430932,3.3307530817792976,2
271,1.4700118558956836,4.187683388414023,0
272,-0.7624065601883718,2.6495095261237416,2
273,8.80251271183786,-2.0583732339541814,4
274,10.553067230648608,-3.217136105525398,4
275,-1.9492188373471762,3.022596290766407,2
276,0.6115765341548096,4.460491182720754,0
277,9.089499479770595,-1.5065514038459777,4
278,2.996185136007991,1.3028677402608249,1
279,10.256891405809766,-2.4167845777149424,4
280,9.832554191411472,-3.394865214509993,4
281,0.5130103526737129,8.589555679297836,3
282,1.1962951329885356,-0.0012784965275991489,1
283,2.238606720690479,2.568606692726794,1
284,1.5884219753801154,-0.5192424531883226,1
285,-2.2471045708415183,7.095323224902081,3
286,-1.2350160070786167,7.713515088041317,3
287,10.28185249688069,-1.8035722407101296,4
288,1.9081184526607986,4.643752311249652,0
289,10.75818080872054,-4.4550596415300046,4
290,-2.152461048331159,3.9100190898516285,2
291,9.301017341646087,-2.7567118362558936,4
292,-1.0544143892349993,6.368280188807709,0
293,-3.406324338707407,9.15401103373243,3
294,-0.6054956154113241,3.3786967384819535,2
295,-2.326326412765002,3.1586697710750613,2
296,-2.830750252727909,10.079061910224235,3
297,2.442848794120673,5.156339266909622,0
298,9.872624582542883,-2.587486517174088,4
299,-2.3818486003846093,8.83221965846141,3
300,8.916383681994988,-1.785512300014418,4
301,1.9233588816529108,1.3024254719784343,1
302,-0.1843365372288588,1.2991627150282243,1
303,0.9605879669439403,4.464715495746613,0
304,-2.5008491162494693,7.249139990430462,3
305,2.410025214546096,1.5145502143312157,1
306,-2.023006347204468,2.843077278652782,2
307,9.97239136373928,-2.6299292240543815,4
308,2.8279623585352596,-0.7639346311766269,1
309,8.967302634922195,-2.7696440815190515,4
310,-0.22703103157898719,8.544155288752021,3
311,0.8761095907951901,2.1990917316026977,1
312,0.5768210492836199,4.673843215295909,0
313,-1.0564708683754236,3.2293293328872785,2
314,1.2893377801973964,3.449691588146665,0
315,2.89921210502688,5.784302118882814,0
316,1.1327766165118707,4.535968363648665,0
317,9.992923380557919,-2.579588930189484,4
318,3.3412515285131708,-0.6093347382763352,1
319,9.359838390186006,-0.9119145775734943,4
320,0.5889432611385428,4.001484576873055,0
321,-0.7428688361688075,8.19470917215505,3
322,9.592373610106868,-2.0239048429788546,4
323,0.6653839068480234,4.401187493717173,0
324,-2.464784244373357,3.3509902144844665,2
325,1.1429435739190241,4.938818764340496,0
326,7.681807334562555,-2.3279474070412896,4
327,1.3262228626381822,1.0942210606667218,1
328,8.316097111745176,-1.317197469372284,4
329,7.646933272193756,-2.4659920745787995,4
330,0.020325078053718082,3.9578055517490034,0
331,-0.5662106147612457,4.246945107872805,2
332,0.8197430173046563,1.6387211543048645,2
333,-0.7354193171533936,7.509141553483276,3
334,-1.1242784820918703,1.141994261371294,2
335,0.29501108463850056,2.8422317907447,2
336,3.236646122721164,0.26575990193276955,1
337,-1.1166818068380815,6.429899968249704,3
338,-2.6948336647820446,6.252774373838805,3
339,-1.9282018183554155,2.6012269662810157,2
340,-1.6042072677929566,10.375691636400767,3
341,9.472244704425774,-0.34243770488905434,4
342,0.20635400410117866,4.843036518740207,0
343,-1.1433486096606376,7.96937293825707,3
344,-0.3579883928562584,2.9570698216508347,0
345,10.390538675708777,-3.895074258324212,4
346,0.23151525649805516,3.4773487887893757,0
347,-0.4390754778929875,6.637367135450556,3
348,3.1516143670986763,0.6634478585934003,1
349,-1.2767846445805666,7.510729750558634,3
350,4.172058542916553,-0.7132147435119969,1
351,-4.050458573137863,6.647035594058575,3
352,-0.5112387316798042,3.61892360249822,2
353,-0.9288239414146195,7.6976808013558236,3
354,2.997735640653272,0.6300689137025892,1
355,2.0950342560193733,-0.6693310509236656,1
356,3.133464825147116,-1.6615210064061596,1
357,8.909817429904535,-1.552118403351454,4
358,1.1251110189085567,0.7190745678506076,1
359,2.843829038973065,5.209831985723775,0
360,9.28700369735612,-4.175870787112491,4
361,-0.8494418438754937,2.9697026508155444,2
362,9.691055793226669,-3.5713859598922157,4
363,9.113315422263543,-3.1631271167015704,4
364,0.377616141623509,3.1878903414879955,0
365,1.4201333112919208,4.637461654822657,0
366,0.8403203778681743,5.440678690051085,0
367,2.009563560772643,1.11817131569511,1
368,-1.6829279042191927,3.966975449253133,2
369,9.628958725744571,-2.808455893887675,4
370,-0.134385563787633,3.955467928383757,2
371,9.170042458558878,-3.38256002214451,4
372,9.211511908562686,-2.778005877147067,4
373,-2.796510097595193,8.367434654648786,3
374,-0.21258917923753384,3.7969709731497026,0
375,8.290137026274879,-3.2294915949164613,4
376,1.6706220982903601,0.45382756678273906,1
377,0.37815962733811226,2.903105041673278,2
378,1.9966809702990171,0.5801205660077375,1
379,0.12159999704627356,1.367868071974975,2
380,1.6039644843303518,1.1633516349041728,1
381,10.132359402806117,-3.140796199524558,4
382,3.3744043977344536,0.015244841388018293,1
383,8.302084545196196,-0.9048527626974181,4
384,0.107186927848268,7.437311886891519,3
385,8.279893834597452,-0.2890974736574914,4
386,1.1182232418672746,3.984458910303295,0
387,6.83569085082123,-1.2162450639941655,4
388,-1.4963021888833876,2.8482406828861873,2
389,-0.5543682240793685,5.05175050853766,2
390,1.3772417398684276,2.195509450589036,1
391,10.95904751267989,-3.9792158298506255,4
392,0.09978000567856848,8.743158813629492,3
393,-0.7729125462434258,3.9831977534311176,2
394,-0.6248021653217678,8.726131697072988,3
395,9.87739195046327,-3.9607532262328835,4
396,-0.3310342326302942,7.778417147979406,3
397,1.2895653269547918,1.4534506240208098,1
398,11.893829056038825,-3.078642801549825,4
399,-2.665912206338871,1.7034808783738637,2
400,-0.6257366344411526,7.204268073894737,3
401,7.634831584278794,-4.107558239831022,4
402,1.3988038464613464,-1.9368908453367655,1
403,3.089677407914396,-0.09854898043312932,1
404,0.5730931315733154,5.526232397830817,0
405,-1.8273827988073277,2.562853530277749,2
406,7.7635936039522875,-2.608561015227555,4
407,9.292177313902782,-2.4132037766299295,4
408,-2.694676838729479,7.383109740072502,3
409,0.10469341431036616,3.2956414310638404,2
410,-2.0481693978868147,7.615384235821239,3
411,-2.527234362175611,4.591867968343832,2
412,1.6015015295736825,2.701729671841642,0
413,0.37995604009598694,4.2512200311788435,0
414,-0.7300001120785176,6.25456272268018,0
415,9.471083377870455,-2.2334188210622603,4
416,-1.3044408492132986,2.829506738133968,2
417,1.7495230559490946,3.1199066872550723,0
418,-1.4393725423002346,3.8566291370154326,2
419,-1.7003679102947844,2.407852721577506,2
420,-4.242868634973769,8.716397576722565,3
421,-0.7922683721305357,4.659269120192159,0
422,1.2626137674387747,4.912631161923841,0
423,-2.0933438669541244,2.6101909839661213,2
424,2.407047632114236,1.2768991934735237,1
425,-1.852095327542301,6.685905952384476,3
426,-0.3396373319650261,3.8422027226336812,0
427,0.06586674119557823,2.6593096296563514,2
428,-0.8341644209525552,7.328225553746671,3
429,-1.410474222322841,8.604890193818898,3
430,9.525586641405107,-2.721967619565459,4
431,-0.009240659137655594,2.8319523199848033,0
432,-1.7058963690356763,8.207271097139088,3
433,1.6440707600682742,3.1073818988810364,2
434,1.256711783862791,3.3106637165188095,0
435,-0.8667994716101535,3.8258133234079033,0
436,-2.0047493036268986,8.13697407303836,3
437,9.314337436164466,-1.7377037038812064,4
438,-2.3174270350549824,2.010582139807796,2
439,1.4638648536247671,2.022082844448305,1
440,8.78353018764756,-2.6104662927628177,4
441,0.32397647861147594,3.782598015147279,0
442,-1.0555267782464235,8.531898689033033,3
443,0.2922591808092785,5.9633381236382625,0
444,-0.8364749888388564,3.7145543696977943,2
445,8.619970508092697,-2.252655598310269,4
446,-0.5150615802277163,2.259931216571954,2
447,9.257475992899591,-2.822899731497973,4
448,8.484153029763936,-2.329921167695959,4
449,-2.565973117886916,8.376468235601402,3
450,-2.5417299209563464,2.3155504077502607,2
451,2.2545677183293433,0.847060118976271,1
452,2.6671947141640358,-0.4438330656451057,1
453,-0.19685332656766485,6.247408513097683,0
454,1.9256908854722559,4.391338568833581,0
455,1.1312175042434114,4.681949847050563,0
456,-0.9197923413058595,1.8697118545076497,2
457,-0.7952450861915129,2.85239388618864,2
458,2.470754623037864,2.2338023024348574,0
459,8.675104757504101,-3.851208908676509,4
460,8.437399142538965,-3.2732632123575613,4
461,-0.3727199827278862,3.0903866778259887,2
462,-1.8276878896979325,2.257273667356131,2
463,0.10346341995127584,0.2377719302084389,1
464,-1.5398977610979947,6.0944372072826924,3
465,1.7936220757219772,0.7154188761479939,1
466,2.931100283020209,0.7825561914507101,1
467,-1.7023361372617554,7.921411989075978,3
468,-0.2018899603350901,3.1232148251110825,2
469,1.779596986872321,0.1879356940910486,1
470,-0.10299360172692551,8.181954457648354,3
471,9.0729017300156,-4.045215739533441,4
472,-0.15591500693078397,2.4080390191946437,2
473,8.457979548884127,-0.5299556326759105,4
474,9.76689929754545,-1.844154297504066,4
475,8.498960129533781,-2.6005594019356857,4
476,1.0675205745462466,2.5138499674821855,2
477,1.2507864362704346,3.412872244452862,0
478,-1.0014897507661797,9.361417576526403,3
479,0.5411165268248577,6.153051055927731,0
480,-0.23335251858165051,1.1491480749594738,1
481,1.396714554627874,0.383429693997948,1
482,0.2566656899947022,3.490794338894313,0
483,0.2817022188151296,4.15415278712072,0
484,2.2808761759039817,1.3473757601699294,1
485,-1.4285261064064296,3.2992985155422936,2
486,1.1465042754738248,0.47334603896003535,1
487,-1.5731907330666495,7.124153655898805,3
488,0.23670708215518177,5.846801922855126,0
489,1.6628785232832413,-2.14847939486199,1
490,2.3941716466488225,2.9187072214227343,1
491,9.466468763254284,-1.0338275343915548,4
492,-1.093586941099818,8.877028404460177,3
493,-0.6455481183168207,7.240810245921189,3
494,7.740334156590459,-4.043139787578667,4
495,7.475799405653689,-3.3946025616390525,4
496,7.908496979938154,-2.353039532273525,4
497,-1.696662307124391,2.783749478564703,2
498,-1.601571991473055,3.176598701562869,2
499,0.526402786227183,7.442306820887481,3
500,-1.31705453529885,1.6772576617768953,2
501,-1.2578799400456586,3.4428001249790054,2
502,9.519904165273033,-1.723177114078048,4
503,2.250337218584259,-0.8838991957676545,1
504,-1.6551459872496075,2.646110694842426,2
505,0.7693664023825233,5.183966239529172,0
506,10.421605790711713,-3.242020001123098,4
507,1.6678088296166815,4.998536471104396,0
508,-1.670483524938226,2.535856812382739,2
509,-2.558386473537163,1.4878910026476744,2
510,-1.0913578539262518,2.318657983873403,2
511,8.80581420039468,-3.1913230084091087,4
512,2.509049292904953,5.7731460973486755,0
513,-0.43039394356115446,8.073660207663632,3
514,-1.4670093301056293,2.7053592165628135,2
515,8.131353790816739,-3.6421399939256576,4
516,1.3952112012987952,1.0734826132339648,1
517,8.931577112424707,-2.306878709346665,4
518,-1.0568049027222384,8.715971214818705,3
519,-1.8033368582377425,2.6583052794990834,2
520,-2.9488238848623425,4.915838341083127,2
521,-1.0356687283086137,9.382491512632438,3
522,0.05791651412711252,3.565850052343011,2
523,9.732840114854643,-2.0511117634467655,4
524,0.5353474462539036,4.023431832263881,0
525,-2.365205328492874,7.8001632760386785,3
526,0.17286041437265398,3.6142375496981893,0
527,0.9480878502078401,4.7321191979788075,0
528,9.488495677660199,-3.3375351451629958,4
529,-1.251303339237849,4.3529316481222775,2
530,1.619584543609423,2.7331639188149373,0
531,-4.10970064619185,1.7639318976811134,2
532,1.3722767912081404,3.210725818717884,0
533,-0.9187475856212639,4.032844584280525,2
534,-1.1059857290462487,3.1644844475944574,2
535,-0.20915933436775758,8.314555239739823,3
536,-0.7116592541793267,8.240155471255894,3
537,-1.6498133192454938,7.366983970961871,3
538,-1.3213754206943475,6.538080359684854,3
539,-0.8578908312375279,9.423990706739126,3
540,-1.8159092241761383,0.91924278574975,2
541,-0.5149875141591105,4.743179028712927,0
542,9.571968870012595,-1.4205239512544752,4
543,-1.514672029583088,4.487141875869027,2
544,0.231010865495048,1.2012675643999382,1
545,1.8326618404845574,-0.015415558103859528,1
546,0.622838329789296,2.6873131387973572,0
547,0.4334086025297773,4.719837373709815,0
548,-2.2890185251444035,2.0301021246971875,2
549,0.163123796502041,2.577504725116713,0
550,7.5500269593042635,-0.5336302363585408,4
551,-2.061851771840657,7.313818505670975,3
552,-0.4794851303466753,7.414132428316914,3
553,2.992009984968135,2.30999136597538,1
554,-1.2759058972135815,3.972640186513406,2
555,0.303809630770544,3.9442341659078486,0
556,9.37383641874955,-1.7920083493702488,4
557,-0.5822886286766125,5.300905553557364,3
558,8.939464249667022,-2.351298727361983,4
559,1.6071021587521699,0.24832573220754872,1
560,9.002047870130422,-3.64834441229024,4
561,0.6226705216453814,2.827638411667372,2
562,2.7317282537945013,0.5156547043601166,1
563,2.9505277943228077,2.272627726330927,1
564,1.61607799963073,1.0790020891557581,1
565,9.739545253570776,-0.6163380148084026,4
566,-0.2594923584032487,3.4173804948017823,2
567,-1.6364099672283998,7.775532012970504,3
568,1.110899030608584,1.135766807770249,1
569,3.1555518596532517,2.195685632264158,1
570,-2.194624299581305,3.24484485673758,2
571,-2.4232737357740857,0.9551502521923707,2
572,-0.4095986976852408,2.3989820569082707,2
573,-2.062050257977456,6.3863424049046635,3
574,11.444420159338753,-1.669095334484739,4
575,7.71525668183719,-2.838204393249783,4
576,1.746153076661169,0.6641969983942442,1
577,-1.7338487237791964,2.239786800546876,2
578,-1.2207460727163144,10.067476405166772,3
579,0.3697984942540753,7.01105089431376,3
580,2.8106632170962165,1.7650710712928548,1
581,-1.76824180467501,2.0396919185230495,2
582,0.03886089363311784,0.35820902656343545,1
583,0.8776385589502471,-0.24253264099702476,1
584,1.2496410138935101,-0.22064826438369534,1
585,0.3404240001676141,4.9802206223948895,0
586,-1.1593591171996365,3.1081938189270626,2
587,9.729408245847642,-2.6887486554530433,4
588,10.704822967469877,-0.868955452704026,4
589,-0.9100303010610349,8.48724127734221,3
590,1.1162859487550927,1.9146846513511815,1
591,0.10547292936461328,3.7249376626839745,0
592,1.3786117197240442,3.618977236508077,0
593,0.5598760358328252,8.272098490270887,3
594,-0.9954522693269957,7.427445306601697,3
595,3.2460247025341027,2.8494216528496255,0
596,-0.9507414207912044,7.8794822918169425,3
597,3.575262382198651,2.6172529673541316,1
598,-0.3688658328327802,8.47088454219559,3
599,1.2561946775897332,4.205636937805432,0
600,-0.6797968558218733,7.502648250789385,3
601,-0.2814877635796901,8.343527925033072,3
602,10.186457134272764,-0.1198652902449524,4
603,9.415061849174041,-0.497734261668767,4
604,9.06497010692559,-0.7567983860088738,4
605,9.439118732674125,-1.0020283407388921,4
606,-2.674514958065041,2.559768185853266,2
607,3.8102536751749367,0.7646752376283449,1
608,3.139506027827185,5.640315276884782,0
609,-2.0264392962022724,9.572234972618304,3
610,1.9693367544612652,1.0919565979837085,1
611,-0.6052012294068575,8.42368494475953,3
612,-1.5803580520949754,7.114028720069839,3
613,0.504838176349397,1.3149824809697723,1
614,4.5524679130198855,-1.3476579884334652,1
615,2.2065607592742156,5.506167176232801,0
616,-1.678717686631943,8.984839399008719,3
617,-1.2875237657841034,6.886527204791831,3
618,0.6283579292203425,4.46013629655237,0
619,-0.20044237085621197,1.9532758371268588,2
620,-1.9281387231330878,2.1177997852485215,2
621,-1.3026517922562235,1.2391938985044662,2
622,1.762598040655471,3.837368230712447,0
623,2.4379999514451463,0.863421379405983,1
624,0.10956443826891915,-0.015119834197354964,1
625,-1.5042134439604187,7.4874136359989745,3
626,7.972908377802248,-3.1350200275159654,4
627,9.318421065959418,-0.47182328963281717,4
628,-1.174087406727527,2.7651078377877143,2
629,-0.37152900105569786,6.008548637337077,3
630,9.295112568240459,-2.2886305494546546,4
631,7.624038235603455,-0.93260753135891,4
632,1.358940867571795,0.60726655913407,1
633,1.8971289023273141,4.622514980391411,0
634,0.01231307029599904,7.735066512240228,3
635,8.171025019113497,-2.3557190471268243,4
636,-2.2888550048312952,7.519856892255736,3
637,-0.7909461280253389,8.79780176045594,3
638,8.350431895023759,-3.7825081216754706,4
639,1.7373078036934886,4.425462343941218,0
640,1.7480606297601624,5.127291481412121,0
641,-2.8255907353849956,4.193957607339311,2
642,-1.576228083369478,3.1569158625798877,2
643,-0.6633843548405908,2.1131285206952537,2
644,10.695230769313051,-1.8748062600036601,4
645,-0.796552222844886,4.022460734904599,2
646,1.136154076562934,1.090417509003153,1
647,-0.5645269358981297,4.367049321648722,0
648,2.8768532334826737,0.9029563062372977,1
649,0.9369872603189995,3.1356938297071926,0
650,2.932182386797189,4.693880650136316,0
651,0.9080284732218639,6.017130049097757,0
652,8.613312504918248,-2.118152456054558,4
653,-1.6486045897595736,6.3631370871751045,3
654,9.976840764663974,-1.4020244757157543,4
655,1.5547915762753735,4.653441784441564,0
656,-1.5889571390202395,4.177049390943937,2
657,2.8755893186942996,2.2576122016174214,1
658,10.17330945278466,-0.5289273936938983,4
659,9.47834183525244,-1.1696358199253283,4
660,-0.02394526884306969,2.7590162306707784,0
661,-2.572428570291371,1.8330262018716776,2
662,8.777459715475377,-1.1145919097415051,4
663,0.8425685188780558,5.3815311334246525,0
664,-0.7353389279183739,5.2942212079533695,3
665,-1.5304516514365853,6.677256830457566,3
666,-0.7678312786283634,6.867273951734489,3
667,-0.12811326088195552,4.355952406709364,0
668,-2.1848301057587007,3.8867648998961735,2
669,0.06041297760602893,7.809661457387107,3
670,-0.47409516492733383,7.061001046870768,3
671,2.1156707630897955,3.0689615070947376,0
672,-0.9299975319739515,1.9305955678754705,2
673,-1.3097243805836252,2.9960934424252748,2
674,10.530999427516624,-4.417804602904988,4
675,1.4973349549992536,3.7279993576353236,0
676,7.542979148470501,-1.742427216676939,4
677,-1.860881513621086,7.012631691347313,3
678,1.9535702468780063,0.916943044451014,1
679,1.6600385387785237,-0.2617568564619761,1
680,-1.932845740410389,3.6422507662030874,2
681,-2.172167790556152,9.247611713940225,3
682,-2.344397110838132,1.5165349682938123,2
683,-1.2228701703396911,8.445851779947008,3
684,-1.5767197372875836,4.957405922888751,0
685,1.297396661007712,0.8475795656531148,1
686,10.207434958520311,-3.722674892888665,4
687,1.5377484789224747,-0.08116619942083303,1
688,2.17041539457297,0.518516097058014,1
689,1.8132476915626585,2.4159248302936422,1
690,-0.7249940360580733,7.297876647083532,3
691,-1.2425894942239608,3.3332828875042497,2
692,-0.7218357408857594,4.691067802843453,0
693,-0.41690471676138197,8.323432698304599,3
694,-0.4774188143412136,8.078628231044085,3
695,7.580884772546478,-1.6018232772040193,4
696,1.0372256461455132,0.8198089039970861,1
697,-1.4875523658884944,7.588666457852843,3
698,8.434125807178372,-1.3410482396052519,4
699,-1.1673996136508953,2.773315444399387,2
700,-1.475949736210616,1.1236529898434018,2
701,0.37404930593844443,0.008692301842486927,1
702,2.2191960938854645,0.9939850158591337,1
703,-1.230170840727792,3.747868420414226,2
704,9.28344072873266,-0.13287328481395289,4
705,-3.3633117899339577,9.240825454366014,3
706,-0.29421491993923854,5.273184035606401,0
707,1.742933260191581,4.660080144920679,0
708,8.013467866615317,-2.3025491192966627,4
709,-1.8388801211381183,2.077591865853816,2
710,-2.6286865270534197,7.2995454539754325,3
711,-0.24916544028367293,5.148150303849937,0
712,2.29008904738161,3.0298170705083804,1
713,-1.2169882277185808,7.743347900949638,3
714,-2.474392608128785,3.162325717294755,2
715,-1.8912083280990406,7.985575242647723,3
716,4.751491573996457,0.8237389936575217,1
717,0.7230558668383762,-1.0709610298480834,1
718,2.0922732433430276,1.6655660676706405,1
719,1.9251605672391738,0.9916168893235056,1
720,1.9977980029674833,0.5064466077639206,1
721,-2.4432425800148105,7.33505034833733,3
722,9.090350229163635,-1.4349211981282861,4
723,1.3679684842762145,0.7801891135198253,1
724,-1.6951182359889794,3.2957923630715977,2
725,-0.05797276323796963,4.985381845730017,0
726,-1.0070518105271977,8.963243645769396,3
727,-2.1740854450696663,3.3901294114209715,2
728,3.077058107021551,0.34512298652120765,1
729,-0.5603743835713957,7.885317282241417,3
730,0.6103273223595063,-0.3128793341854148,1
731,8.593662167476442,-2.8954875331669343,4
732,-1.1204885195456993,2.724705559783283,2
733,2.4703491517041014,4.098629063682589,0
734,9.130567497947121,-3.5588060438948537,4
735,0.9154650660061039,1.6826211811784368,1
736,-1.1610552253050472,4.215707528306709,2
737,-0.5415865042820385,3.684801930994322,2
738,2.4645222723420948,6.199676503478973,0
739,1.8331006904491862,3.652761734148243,0
740,10.676099950120829,-1.9953249020791324,4
741,1.9242135098914657,2.0307435394976587,1
742,-0.18887976223686143,5.2046138144025775,0
743,0.7856165849650957,3.9089378134149397,0
744,-2.0593939324309734,3.562937534793,2
745,-1.5889481186240806,6.57228710355644,3
746,0.6493046051649787,0.30760601406839716,1
747,0.8657294213140224,5.32396003916419,0
748,7.1520787651181505,-4.170016227242944,4
749,-0.756230958758562,2.7874425275497954,2
750,-0.12555918192994575,2.507500467675252,2
751,-0.7495288164342182,7.097528235400365,3
752,-0.36306823353722295,9.30922483078,3
753,2.725837971743788,0.19015796242735994,1
754,10.146567046090999,-1.1314334470694076,4
755,2.1298539279764315,-0.17943540946605796,1
756,0.3129113236236474,-0.4055790941743789,1
757,1.402528809324596,4.980695362478635,0
758,-2.03062274164824,8.460578672075325,3
759,-2.1946167337924645,4.599804001406261,2
760,-1.0409850277725317,8.143192590321027,3
761,0.837329009839727,0.5927000220835164,1
762,-0.49630918706895455,8.398449734227722,3
763,1.549909204168468,0.08187211794396554,1
764,2.2532348113778453,1.979598878415202,1
765,2.509049434068562,-0.9320767510665946,1
766,1.2521261340912497,0.4333259685024452,1
767,-0.07228288652059756,2.883769390269415,0
768,0.4123517851483638,6.418856533215953,3
769,-0.1892285203041839,6.812895624380909,3
770,2.385844277707252,1.8469101334961726,1
771,-1.1968688987115939,5.143826593071381,2
772,0.33950574899921726,7.192202413852855,3
773,8.532388505816513,-2.9394607735659406,4
774,1.923522046320243,4.1487772343575555,0
775,-2.3794898603925523,2.9408420169410743,2
776,-1.085871105948754,3.0966751270663027,2
777,-0.8275235296340883,1.8566599738872136,2
778,-2.613418651971319,9.782558658461951,3
779,0.323861496159475,3.912833952260789,0
780,3.320345359521644,1.1091606726698149,1
781,3.794140198887389,1.8920580512534357,1
782,-2.897663995764966,3.783535184148976,2
783,1.680120404771594,-0.32853253184508224,1
784,10.834534808976393,-3.2714398594416503,4
785,9.299993592695223,-2.147719369902869,4
786,-1.04578888683307,5.677237375354705,2
787,1.350346168925433,1.5776385041830392,1
788,0.11504439349179252,6.213852280547424,0
789,8.929058753553205,-2.5838802955260523,4
790,-2.461123590955175,8.11922957002494,3
791,0.9592496646850545,4.682939063003472,0
792,2.619276056506687,-0.3868886380545904,1
793,9.303801791061204,-2.3680531543295125,4
794,-1.6605275293506931,7.432000832220793,3
795,2.297385482418001,0.008943402584306037,1
796,-1.8924551032079426,3.8559748022387685,2
797,-2.731139132320193,6.52604786931058,3
798,1.1225266106385001,-0.36540468916433855,1
799,8.415552586973693,-2.195714960294465,4
800,-2.45199096694593,8.252503518609197,3
801,3.359414853410437,5.248266814438804,0
802,8.441069175870524,-2.158830484255257,4
803,1.6660882430812833,5.605633557013388,0
804,8.438062519829103,-3.2779100344416348,4
805,-0.3216974737790538,8.39354189626026,3
806,9.280872708338745,-1.4443049369016845,4
807,1.5225647294533236,1.988413394372437,1
808,0.453431472460341,0.010482718092896581,1
809,0.18540120812139116,2.125767240767973,2
810,3.3830502173908608,0.7963821737205374,1
811,8.741261400609424,-3.2874280459167284,4
812,-3.056399701244402,8.246794258539202,3
813,-0.6376277690114565,4.091047047234421,0
814,2.5077566140725245,0.9955598053505639,1
815,9.17424689873651,-3.381823460071935,4
816,0.622276167293011,2.928836034030371,0
817,1.601463480380877,1.3009282001011837,1
818,0.4226329951983827,-0.6701040643705172,1
819,-1.4938142620831452,2.0637210005187683,2
820,2.2791110847457885,1.227286642065675,1
821,-1.3340400576715195,1.760864980517255,2
822,-1.4096293110239295,9.629908820866667,3
823,2.5214339474669085,0.5274212192335939,1
824,-2.671050683372493,9.757784771085992,3
825,-1.7285048097410756,8.771567565751292,3
826,2.5539577963427056,1.9456358159059897,1
827,-1.1008213730951784,6.857995138395725,3
828,0.4966142645385474,4.924145625791903,0
829,7.9604055354707945,-0.9162954875620231,4
830,-2.2468445453638,2.0243078590189314,2
831,-2.6212983256970457,6.767718004622488,3
832,-2.375224536027138,2.5922127925129486,2
833,3.0842030140277323,0.8253766523779319,1
834,-1.3653447459837373,4.481287006362052,2
835,1.9991345009841208,0.8962786172028411,1
836,1.5524508207903396,3.3101173394816854,1
837,2.924231008329673,1.1745355657840648,1
838,1.1578665945310473,2.210134027078933,1
839,-0.6817104589279378,7.981764461642638,3
840,1.556250883438695,0.9190148837814854,1
841,-2.3871664651794244,3.2461835563338783,2
842,0.3602663812025735,7.273881266038373,3
843,1.1031821712501149,4.705776690893091,0
844,-1.9827293610212742,4.344041013352389,2
845,-2.0484836912152784,1.7331956709215708,2
846,-1.299511238100777,1.9011436127233539,2
847,2.0656168359991773,1.6176974192795897,1
848,-2.0285601812476894,8.10657281208831,3
849,0.999464227134093,4.687803649529856,2
850,-0.8134478170149924,8.3755544761664,3
851,-0.36176423538653435,7.563328259623386,3
852,-0.2032323992434597,8.434499542017779,3
853,9.462957822100583,-0.6285994712426541,4
854,-0.6031074529079585,2.7853142466794045,2
855,-2.3275989407711455,7.721234464191414,3
856,8.215781562219057,-2.8871546553634126,4
857,-1.5058419918798418,3.0173367183638344,2
858,3.787988708352011,1.5821647667971273,1
859,1.9509240299381854,-0.09033828255579757,1
860,11.761696824351715,-0.6352000904702761,4
861,1.9447781163669502,-0.7630361519313265,1
862,-3.0782843251739607,7.139624896292046,3
863,1.6747272276538312,4.30755821653466,0
864,-1.1495883209303546,8.032641070838961,3
865,1.723458412751127,3.114842372244654,0
866,9.429731466966885,-2.5475136017801714,4
867,-1.1624227639813998,4.389204217475461,2
868,-0.20816952969244706,8.000103825167992,3
869,1.5435603563991644,4.081112226933236,0
870,-2.1440715351569772,8.383788146139574,3
871,2.518397850751485,1.1767594243303903,1
872,-0.09448254296404746,5.358239054379527,0
873,10.241999603131731,-3.0615267190424054,4
874,-2.8676157576436925,7.324419552061484,3
875,2.5843127597673097,1.3202922816467626,1
876,8.744584551085097,-2.4391734602654034,4
877,-2.559547115114035,2.4811339238751153,2
878,-2.672904439729349,2.9649483559916163,2
879,-0.14164246649967493,2.61478400790905,2
880,-2.357733328382295,7.287941914962162,3
881,-0.8591618058804297,9.006501080262083,3
882,1.547749919775521,-0.15421644261373713,1
883,2.239193015773188,0.5121738995623286,1
884,1.4859554679626927,1.1675680148786982,1
885,0.7082667075951147,5.106243723244785,0
886,-1.6416793379927035,3.2266335031697357,2
887,-3.4192659065392466,2.74006911763011,2
888,-1.3970219269798294,7.931464220611364,3
889,1.5001611023807007,4.392209414493052,0
890,1.7078168689343147,0.3163951830776116,1
891,1.072544064534148,7.952550887797036,3
892,0.4923736711491806,7.541974960752217,3
893,-0.5905054696694458,2.392241668231183,2
894,0.2884324675178127,3.0897099243542696,0
895,7.094323689825677,-2.9608200504246267,4
896,-3.1698693067525143,2.5118104650732906,2
897,-0.8415986872792691,9.0371578713091,3
898,9.290770823298805,-2.007543858875327,4
899,7.609082224854413,-2.457738955123835,4
900,2.998313608755396,-1.8420135072516195,1
901,2.4260925227139802,1.0397254651251724,1
902,0.06344785310233647,5.4208036155442425,0
903,1.7907899010343615,4.36271291663002,0
904,-0.590774864910823,3.596262360173593,2
905,9.359432052400706,-0.14027161024460533,4
906,-0.6066683187885868,4.914166706555595,0
907,1.0427873009296629,4.606259225188172,0
908,-0.9861304279215152,1.0998046309495533,2
909,-0.30551905376270705,2.725040432789158,2
910,0.33265167571360454,2.0803841752239634,0
911,-1.287321253365514,2.5480810950293193,2
912,-2.832729337897086,8.67991432224618,3
913,-1.7591819559784132,8.610188334708756,3
914,2.128601643329615,5.383405919485211,0
915,10.264164383705431,-2.5178787352942247,4
916,1.0257650601965858,4.797624103729346,0
917,1.6902123048866202,-0.8936638881032468,1
918,-2.254292632666542,7.0139101900384615,3
919,-2.5337357655208894,4.599458977600451,2
920,1.1845450566233553,5.2804263639321025,0
921,2.3408019266489664,3.6143381428984522,0
922,-0.7081327483456562,10.125927086172133,3
923,-2.2054032478971672,6.487035696519893,3
924,1.441932518276955,2.7675436411711662,0
925,-0.1499522340136379,7.6976208370455,3
926,0.3670374936614458,0.7851976773783841,1
927,-0.6539282684195495,4.7665695829741646,0
928,-0.9709413335121074,3.810356148664653,2
929,1.09476313979973,0.1045462972302652,1
930,2.102906000653002,3.2238558190849664,0
931,-0.03933554977326681,1.0213855741714435,1
932,1.9648855141559312,2.2652608997446504,1
933,0.4228442193648947,0.8305295053234151,1
934,2.1550496497061458,4.123862491636039,0
935,-2.1034962319970143,9.092679666470588,3
936,-2.7535256726185207,3.885328411383358,2
937,9.720279366906265,-2.2254496280172904,4
938,1.0253322381239014,0.547720295348832,1
939,-0.0935515103399136,3.3362802726423153,2
940,-1.7771256283022656,8.009171868628618,3
941,-2.220658664098648,9.181681088863893,3
942,-1.481769997789895,5.257507067353181,2
943,1.1224784799264396,2.1409830443930917,1
944,-0.5964955171107891,2.7425658590061026,2
945,-0.7140546039003788,8.153345112879776,3
946,0.6647175464191224,4.359952669678135,0
947,0.34194798486553146,3.941046161461252,0
948,8.510893673292976,-3.778109958240254,4
949,9.212892715628248,-3.0422102202755568,4
950,8.5423816240692,-3.9728728522942296,4
951,-2.7385211626534485,9.331599652593226,3
952,-1.5081122214476477,2.324104813554455,2
953,0.5528709520511652,-0.8800032947957694,1
954,1.7053606407240318,4.4327702382058005,0
955,10.72906316185743,-2.2756773980406426,4
956,-2.854695464195983,6.462406479599665,3
957,0.48715614169656263,2.6111164853061184,2
958,2.3724281477255666,1.4177042745088047,1
959,8.296359823285261,-2.9207495460296613,4
960,-2.623440254063391,8.33645224782154,3
961,8.433622762847396,-3.699414718822836,4
962,-4.025614920173584,8.987193990422393,3
963,1.5903494488925753,5.225993999014917,0
964,-0.008144676258325267,1.7467217998830424,2
965,-1.411510723579329,7.749004732930547,3
966,7.821349680588839,-1.9489668356991519,4
967,9.720467297475418,-2.9472907468079246,4
968,9.739634784402565,-2.4255621298956305,4
969,0.34818251890491614,3.822760208987602,0
970,1.2029739443289258,7.624254032010074,3
971,-2.280608479402506,3.0555720872364702,2
972,-0.4477908304360365,3.810467444086196,0
973,9.31939026897627,-3.289544103711007,4
974,-2.8753171009780254,4.182865591189379,2
975,0.14234679315506327,3.219871471690676,2
976,-1.0875945849263775,6.882815062826206,3
977,-1.933207143666968,2.053837270230753,2
978,-1.5602232960670583,1.3870787639336302,2
979,-2.0621741777547498,2.943287469718139,2
980,-0.31431938379372504,1.7617159604355848,1
981,-1.9443813631069393,1.820385606562878,2
982,-1.8748658691427513,1.5644934031854094,2
983,-0.8227929910803232,1.4222027450761066,2
984,2.5321658903551003,1.046113241318015,1
985,-2.903599813055828,7.9891044764572605,3
986,-2.276594357924802,2.950691008946835,2
987,8.903091045506883,-3.2904250161250337,4
988,-1.6514440815956837,8.784865539434813,3
989,-1.1430236376868743,7.743800607541211,3
990,11.426375002591168,-1.8628647157948537,4
991,0.3520120440026089,7.6466252354238105,3
992,-2.0210276577243524,8.717516615004605,3
993,-2.383453321456115,1.3762948616613353,2
994,9.716101323767326,-2.1127725503545083,4
995,1.585234638732003,0.6809321893623982,1
996,8.464537678041053,-3.435293609283707,4
997,-1.0196650621122902,2.8016525609459735,2
998,-1.7977543210501905,6.736889288086265,3
999,10.483105336430892,-3.737274394875456,4
